{
 "tex_size": 256,
 "glyphs": {
  " ": {
   "x0": 1,
   "y0": 1,
   "x1": 1,
   "y1": 1,
   "xoff": 0.0e+00,
   "yoff": 0.0e+00,
   "xadvance": 1.1612903594970703e+01
  },
  "!": {
   "x0": 2,
   "y0": 1,
   "x1": 6,
   "y1": 17,
   "xoff": 4.0e+00,
   "yoff": -1.5e+01,
   "xadvance": 1.1612903594970703e+01
  },
  "\"": {
   "x0": 7,
   "y0": 1,
   "x1": 13,
   "y1": 8,
   "xoff": 3.0e+00,
   "yoff": -1.5e+01,
   "xadvance": 1.1612903594970703e+01
  },
  "#": {
   "x0": 14,
   "y0": 1,
   "x1": 25,
   "y1": 16,
   "xoff": 0.0e+00,
   "yoff": -1.5e+01,
   "xadvance": 1.1612903594970703e+01
  },
  "$": {
   "x0": 26,
   "y0": 1,
   "x1": 36,
   "y1": 21,
   "xoff": 1.0e+00,
   "yoff": -1.7e+01,
   "xadvance": 1.1612903594970703e+01
  },
  "%": {
   "x0": 37,
   "y0": 1,
   "x1": 49,
   "y1": 17,
   "xoff": 0.0e+00,
   "yoff": -1.5e+01,
   "xadvance": 1.1612903594970703e+01
  },
  "&": {
   "x0": 50,
   "y0": 1,
   "x1": 60,
   "y1": 17,
   "xoff": 1.0e+00,
   "yoff": -1.5e+01,
   "xadvance": 1.1612903594970703e+01
  },
  "'": {
   "x0": 61,
   "y0": 1,
   "x1": 63,
   "y1": 8,
   "xoff": 5.0e+00,
   "yoff": -1.5e+01,
   "xadvance": 1.1612903594970703e+01
  },
  "(": {
   "x0": 64,
   "y0": 1,
   "x1": 71,
   "y1": 21,
   "xoff": 3.0e+00,
   "yoff": -1.7e+01,
   "xadvance": 1.1612903594970703e+01
  },
  ")": {
   "x0": 72,
   "y0": 1,
   "x1": 78,
   "y1": 21,
   "xoff": 2.0e+00,
   "yoff": -1.7e+01,
   "xadvance": 1.1612903594970703e+01
  },
  "*": {
   "x0": 79,
   "y0": 1,
   "x1": 90,
   "y1": 12,
   "xoff": 0.0e+00,
   "yoff": -1.2e+01,
   "xadvance": 1.1612903594970703e+01
  },
  "+": {
   "x0": 91,
   "y0": 1,
   "x1": 101,
   "y1": 11,
   "xoff": 1.0e+00,
   "yoff": -1.1e+01,
   "xadvance": 1.1612903594970703e+01
  },
  ",": {
   "x0": 102,
   "y0": 1,
   "x1": 107,
   "y1": 8,
   "xoff": 3.0e+00,
   "yoff": -3.0e+00,
   "xadvance": 1.1612903594970703e+01
  },
  "-": {
   "x0": 108,
   "y0": 1,
   "x1": 117,
   "y1": 3,
   "xoff": 1.0e+00,
   "yoff": -7.0e+00,
   "xadvance": 1.1612903594970703e+01
  },
  ".": {
   "x0": 118,
   "y0": 1,
   "x1": 122,
   "y1": 5,
   "xoff": 4.0e+00,
   "yoff": -3.0e+00,
   "xadvance": 1.1612903594970703e+01
  },
  "/": {
   "x0": 123,
   "y0": 1,
   "x1": 132,
   "y1": 21,
   "xoff": 1.0e+00,
   "yoff": -1.7e+01,
   "xadvance": 1.1612903594970703e+01
  },
  "0": {
   "x0": 133,
   "y0": 1,
   "x1": 142,
   "y1": 17,
   "xoff": 1.0e+00,
   "yoff": -1.5e+01,
   "xadvance": 1.1612903594970703e+01
  },
  "1": {
   "x0": 143,
   "y0": 1,
   "x1": 153,
   "y1": 16,
   "xoff": 1.0e+00,
   "yoff": -1.5e+01,
   "xadvance": 1.1612903594970703e+01
  },
  "2": {
   "x0": 154,
   "y0": 1,
   "x1": 164,
   "y1": 16,
   "xoff": 1.0e+00,
   "yoff": -1.5e+01,
   "xadvance": 1.1612903594970703e+01
  },
  "3": {
   "x0": 165,
   "y0": 1,
   "x1": 174,
   "y1": 17,
   "xoff": 1.0e+00,
   "yoff": -1.5e+01,
   "xadvance": 1.1612903594970703e+01
  },
  "4": {
   "x0": 175,
   "y0": 1,
   "x1": 184,
   "y1": 16,
   "xoff": 1.0e+00,
   "yoff": -1.5e+01,
   "xadvance": 1.1612903594970703e+01
  },
  "5": {
   "x0": 185,
   "y0": 1,
   "x1": 194,
   "y1": 17,
   "xoff": 1.0e+00,
   "yoff": -1.5e+01,
   "xadvance": 1.1612903594970703e+01
  },
  "6": {
   "x0": 195,
   "y0": 1,
   "x1": 205,
   "y1": 17,
   "xoff": 1.0e+00,
   "yoff": -1.5e+01,
   "xadvance": 1.1612903594970703e+01
  },
  "7": {
   "x0": 206,
   "y0": 1,
   "x1": 216,
   "y1": 16,
   "xoff": 1.0e+00,
   "yoff": -1.5e+01,
   "xadvance": 1.1612903594970703e+01
  },
  "8": {
   "x0": 217,
   "y0": 1,
   "x1": 227,
   "y1": 17,
   "xoff": 1.0e+00,
   "yoff": -1.5e+01,
   "xadvance": 1.1612903594970703e+01
  },
  "9": {
   "x0": 228,
   "y0": 1,
   "x1": 238,
   "y1": 16,
   "xoff": 1.0e+00,
   "yoff": -1.5e+01,
   "xadvance": 1.1612903594970703e+01
  },
  ":": {
   "x0": 239,
   "y0": 1,
   "x1": 243,
   "y1": 13,
   "xoff": 4.0e+00,
   "yoff": -1.1e+01,
   "xadvance": 1.1612903594970703e+01
  },
  ";": {
   "x0": 244,
   "y0": 1,
   "x1": 249,
   "y1": 16,
   "xoff": 3.0e+00,
   "yoff": -1.1e+01,
   "xadvance": 1.1612903594970703e+01
  },
  "<": {
   "x0": 1,
   "y0": 22,
   "x1": 10,
   "y1": 33,
   "xoff": 1.0e+00,
   "yoff": -1.2e+01,
   "xadvance": 1.1612903594970703e+01
  },
  "=": {
   "x0": 11,
   "y0": 22,
   "x1": 20,
   "y1": 29,
   "xoff": 1.0e+00,
   "yoff": -1.0e+01,
   "xadvance": 1.1612903594970703e+01
  },
  ">": {
   "x0": 21,
   "y0": 22,
   "x1": 30,
   "y1": 33,
   "xoff": 1.0e+00,
   "yoff": -1.2e+01,
   "xadvance": 1.1612903594970703e+01
  },
  "?": {
   "x0": 31,
   "y0": 22,
   "x1": 38,
   "y1": 38,
   "xoff": 3.0e+00,
   "yoff": -1.5e+01,
   "xadvance": 1.1612903594970703e+01
  },
  "@": {
   "x0": 39,
   "y0": 22,
   "x1": 49,
   "y1": 41,
   "xoff": 1.0e+00,
   "yoff": -1.5e+01,
   "xadvance": 1.1612903594970703e+01
  },
  "A": {
   "x0": 50,
   "y0": 22,
   "x1": 60,
   "y1": 37,
   "xoff": 1.0e+00,
   "yoff": -1.5e+01,
   "xadvance": 1.1612903594970703e+01
  },
  "B": {
   "x0": 61,
   "y0": 22,
   "x1": 71,
   "y1": 37,
   "xoff": 1.0e+00,
   "yoff": -1.5e+01,
   "xadvance": 1.1612903594970703e+01
  },
  "C": {
   "x0": 72,
   "y0": 22,
   "x1": 81,
   "y1": 38,
   "xoff": 1.0e+00,
   "yoff": -1.5e+01,
   "xadvance": 1.1612903594970703e+01
  },
  "D": {
   "x0": 82,
   "y0": 22,
   "x1": 91,
   "y1": 37,
   "xoff": 1.0e+00,
   "yoff": -1.5e+01,
   "xadvance": 1.1612903594970703e+01
  },
  "E": {
   "x0": 92,
   "y0": 22,
   "x1": 100,
   "y1": 37,
   "xoff": 2.0e+00,
   "yoff": -1.5e+01,
   "xadvance": 1.1612903594970703e+01
  },
  "F": {
   "x0": 101,
   "y0": 22,
   "x1": 110,
   "y1": 37,
   "xoff": 2.0e+00,
   "yoff": -1.5e+01,
   "xadvance": 1.1612903594970703e+01
  },
  "G": {
   "x0": 111,
   "y0": 22,
   "x1": 120,
   "y1": 38,
   "xoff": 1.0e+00,
   "yoff": -1.5e+01,
   "xadvance": 1.1612903594970703e+01
  },
  "H": {
   "x0": 121,
   "y0": 22,
   "x1": 130,
   "y1": 37,
   "xoff": 1.0e+00,
   "yoff": -1.5e+01,
   "xadvance": 1.1612903594970703e+01
  },
  "I": {
   "x0": 131,
   "y0": 22,
   "x1": 139,
   "y1": 37,
   "xoff": 2.0e+00,
   "yoff": -1.5e+01,
   "xadvance": 1.1612903594970703e+01
  },
  "J": {
   "x0": 140,
   "y0": 22,
   "x1": 149,
   "y1": 38,
   "xoff": 1.0e+00,
   "yoff": -1.5e+01,
   "xadvance": 1.1612903594970703e+01
  },
  "K": {
   "x0": 150,
   "y0": 22,
   "x1": 160,
   "y1": 37,
   "xoff": 1.0e+00,
   "yoff": -1.5e+01,
   "xadvance": 1.1612903594970703e+01
  },
  "L": {
   "x0": 161,
   "y0": 22,
   "x1": 170,
   "y1": 37,
   "xoff": 2.0e+00,
   "yoff": -1.5e+01,
   "xadvance": 1.1612903594970703e+01
  },
  "M": {
   "x0": 171,
   "y0": 22,
   "x1": 180,
   "y1": 37,
   "xoff": 1.0e+00,
   "yoff": -1.5e+01,
   "xadvance": 1.1612903594970703e+01
  },
  "N": {
   "x0": 181,
   "y0": 22,
   "x1": 190,
   "y1": 37,
   "xoff": 1.0e+00,
   "yoff": -1.5e+01,
   "xadvance": 1.1612903594970703e+01
  },
  "O": {
   "x0": 191,
   "y0": 22,
   "x1": 200,
   "y1": 38,
   "xoff": 1.0e+00,
   "yoff": -1.5e+01,
   "xadvance": 1.1612903594970703e+01
  },
  "P": {
   "x0": 201,
   "y0": 22,
   "x1": 211,
   "y1": 37,
   "xoff": 1.0e+00,
   "yoff": -1.5e+01,
   "xadvance": 1.1612903594970703e+01
  },
  "Q": {
   "x0": 212,
   "y0": 22,
   "x1": 221,
   "y1": 41,
   "xoff": 1.0e+00,
   "yoff": -1.5e+01,
   "xadvance": 1.1612903594970703e+01
  },
  "R": {
   "x0": 222,
   "y0": 22,
   "x1": 232,
   "y1": 37,
   "xoff": 1.0e+00,
   "yoff": -1.5e+01,
   "xadvance": 1.1612903594970703e+01
  },
  "S": {
   "x0": 233,
   "y0": 22,
   "x1": 243,
   "y1": 38,
   "xoff": 1.0e+00,
   "yoff": -1.5e+01,
   "xadvance": 1.1612903594970703e+01
  },
  "T": {
   "x0": 244,
   "y0": 22,
   "x1": 254,
   "y1": 37,
   "xoff": 1.0e+00,
   "yoff": -1.5e+01,
   "xadvance": 1.1612903594970703e+01
  },
  "U": {
   "x0": 1,
   "y0": 42,
   "x1": 10,
   "y1": 58,
   "xoff": 1.0e+00,
   "yoff": -1.5e+01,
   "xadvance": 1.1612903594970703e+01
  },
  "V": {
   "x0": 11,
   "y0": 42,
   "x1": 21,
   "y1": 57,
   "xoff": 1.0e+00,
   "yoff": -1.5e+01,